Target_Angle,Actual_Angle,Holding_Current
0,44287.97607421875,-2218.684220557551
